能够	néng gòu	pouvoir, ont pu, être capable de
过程	guò chéng	processus, procédé, déroulement
男人	nán rén	homme, mec, gars
方面	fāng miàn	aspect, side, field
结果	jié guǒ	résultat, aboutissement, conséquence
棒	bàng	Super, super, excellent
结束	jié shù	Fin, terminé, fini
有趣	yǒu qù	intéressant, amusant
困难	kùn nán	difficulté, difficile, problème
带来	dài lái	apporter, amener, créer
信用卡	xìn yòng kǎ	carte de crédit, carte bancaire
行	xíng	Ok, marcher, aller
车	chē	auto, voiture, véhicule
能力	néng lì	capacité, aptitude, compétence
脸	liǎn	visage, Visage, face
社会	shè huì	société, La société, communauté
哈哈	hā hā	haha, 哈哈, Ha ha
茶	chá	thé, Thé
选中	xuǎn zhōng	Choisi, choisir, sélectionner
积极	jī jí	Positif, positif, actif
注意	zhù yì	Faites attention, Attention, Faire attention
说话	shuō huà	Parler, parler, dire
讲	jiǎng	parler, Parler, dire
制作	zhì zuò	Faire, fabriquer, produire
女人	nǚ rén	Femme, femme, femme adulte
或者	huò zhě	ou, ou bien, soit
关系	guān xì	relation, connexion, lien
其	qí	Son, son, sa
名字	míng zì	nom, Prénom, prénom
不如	bù rú	Pas aussi bon que, plutôt que, plutôt de
严格	yán gé	strict, Strict, rigorous
完全	wán quán	complètement, Complètement, entièrement
手机	shǒu jī	téléphone portable, Téléphone portable, smartphone
专家	zhuān jiā	expert, Expert, spécialiste
差	chà	Pauvre, mauvais, différent
参加	cān jiā	Rejoignez, participer, assister
比赛	bǐ sài	Compétition, match, competition
特别	tè bié	Spécial, particulier, spécial
怕	pà	Avoir peur, avoir peur, craindre
书	shū	livre, Livre, ouvrage
家伙	jiā huo	Guy, gars, type
那些	nà xiē	ces, Ceux-là, ces choses
之	zhī	Il, de, zhi
继续	jì xù	Continuez, continuer, poursuivre
汉堡	hàn bǎo	Hambourg, hamburger, burger
向	xiàng	vers, À, à
原因	yuán yīn	cause, Cause, raison
错误	cuò wù	erreur, Erreur, faute
以后	yǐ hòu	plus tard, Plus tard, après
因此	yīn cǐ	donc, Donc, par conséquent
出	chū	Out, sortir, partir
只要	zhǐ yào	Tant que, tant que, 只要
好好	hǎo hǎo	Bon, 好好
清楚	qīng chǔ	clair, Clair, net
农业	nóng yè	agriculture, cultures
相反	xiāng fǎn	opposé, en revanche, contraire
玩	wán	jouer, Jouer, s'amuser
获得	huò dé	obtenir, 获得
确定	què dìng	Ok, déterminer, assurer
以为	yǐ wéi	Pensée, penser que, croire que
汽车	qì chē	voiture, automobile, Voiture
网站	wǎng zhàn	site Internet, site web, site internet
教	jiào	enseigner, Enseigner, instruire
移民	yí mín	immigrant, Immigration, émigrer
处	chù	lieu, Lieu, endroit
价值	jià zhí	valeur, valeur marchande, valeur estimée
于	yú	Dans, à, sur
持续	chí xù	Continu, continuer, persister
网络	wǎng luò	Internet, L'Internet, réseau
服务	fú wù	Le service, service, prestation de service
足够	zú gòu	suffisant, assez
材料	cái liào	matériel, Matériel, matériau
还要	hái yào	encore, Je veux toujours, de plus
场	chǎng	champ, Champ, lieu
弹吉	dàn jí	Tirer une guitare, Jouer de la guitare, Danji
此	cǐ	Ce, ce, cet
数据	shù jù	données, Les données, data
极限	jí xiàn	Extrême, limite supérieure, extrême
努力	nǔ lì	effort, Travailler dur, travail
环境	huán jìng	environnement, alentours, milieu
婚礼	hūn lǐ	mariage, cérémonie de mariage
鱼	yú	poisson, Poisson, 鱼
缺点	quē diǎn	défaut, inconvénient
英俊	yīng jùn	beau, Beau, élégant
狗	gǒu	chien
路	lù	route, Route, chemin
分析	fēn xī	analyser, Analyse, analyse
删除	shān chú	effacer, supprimer, retirer
好处	hǎo chù	avantage, Avantages sociaux, bénéfice
配置	pèi zhì	Configuration, 配置, 设置
影响	yǐng xiǎng	influences, influence, impact
考虑	kǎo lǜ	considérer, Considérez, réfléchir
的	de	De, de, d
元	yuán	yuan, élément, origine
取消	qǔ xiāo	Annuler, annuler, révoquer
梦	mèng	rêve, Rêve, songe
条	tiáo	bande, L'article, barre
处理	chǔ lǐ	Traiter avec, traiter, gérer
首先	shǒu xiān	D'abord, Tout d'abord, Premièrement
名	míng	nom, Prénom, célèbre
整个	zhěng gè	tout, entier, complet
其实	qí shí	En fait, en fait, en réalité
希望	xī wàng	Espoir, espoir, souhait
生气	shēng qì	Se mettre en colère, être en colère, se fâcher
出生	chū shēng	Né, naissance, être né
医生	yī shēng	médecin, Docteur, docteur
老师	lǎo shī	enseignant, prof, professeur
感谢	gǎn xiè	remercier, reconnaissant, remerciement
肯定	kěn dìng	C'est sûr, affirmatif, positif
解决	jiě jué	régler, Résoudre, résoudre
第二	dì èr	deuxième, seconde
考试	kǎo shì	examen, Examen, épreuve
怎样	zěn yàng	Comment, comment, de quelle manière
关于	guān yú	concernant, À propos, à propos de
认识	rèn shí	savoir, Prise de conscience, connaître
机会	jī huì	Chance, opportunité, chance
那样	nà yàng	De cette façon, ainsi, comme ça
开	kāi	ouvrir, Ouverte, commencer
有人	yǒu rén	Quelqu'un, quelqu'un, il y a quelqu'un
糟糕	zāo gāo	Oops, désastreux, catastrophique
真正	zhēn zhèng	authentique, réel, véritable
活	huó	vivre, En direct, actif
音乐	yīn yuè	musique, Musique
为了	wèi le	Pour, pour, afin de
记者	jì zhě	journaliste, reporter
情况	qíng kuàng	Situation, situation, cas
幸福	xìng fú	bonheur, heureux, félicité
也许	yě xǔ	Peut-être, peut-être, sans doute
永远	yǒng yuǎn	pour toujours, Pour toujours, éternellement
记得	jì de	N'oubliez pas, se souvenir de, 记住
电话	diàn huà	téléphone, Téléphone
警察	jǐng chá	Policiers, police, agent de police
份	fèn	Portion, 份, part
回	huí	Retour, retourner, répondre
一直	yì zhí	Toujours, tout le temps, continuellement
简单	jiǎn dān	Simple, simple, facile
城市	chéng shì	ville, Ville, cité
位	wèi	Bit, position, rank
律师	lǜ shī	avocat, conseiller juridique
热	rè	chaud, Chaud, chaleur
天气	tiān qì	Météo, temps, météo
照顾	zhào gù	Prenez soin de, prendre soin de, s'occuper de
押韵	yā yùn	rime, rimer, faire rimer
实际上	shí jì shàng	Réellement, en réalité, en fait
通过	tōng guò	par, passer, via
系统	xì tǒng	système, systématique
设计	shè jì	conception, planification, élaboration
相信	xiāng xìn	croire, Croire, avoir confiance en
在一起	zài yì qǐ	ensemble, Ensemble, être ensemble
高	gāo	haut, Élevé, élevé
爸爸	bà bà	père, papa, Père
不错	bù cuò	Pas mal, Bien
进行	jìn xíng	Continuer, procéder, effectuer
难	nán	difficile, Difficile, dur
想法	xiǎng fǎ	idée, Idée, pensée
对于	duì yú	pour, en ce qui concerne, à propos de
高兴	gāo xìng	heureux, content, joyeux
无法	wú fǎ	incapable, Incapable, impossible
计划	jì huà	plan, projet
真是	zhēn shì	Vraiment, vraiment, c'est vraiment
下午	xià wǔ	Après midi, après-midi, PM
要求	yāo qiú	demander, Prétendre, exiger
信息	xìn xī	information, message, news
意思	yì sī	signification, Signification, sens
都会	dōu huì	Métropole, métropole, ville cosmopolite
件	jiàn	article, Morceaux, pièce
战争	zhàn zhēng	Guerre, La guerre, Conflit
是否	shì fǒu	qu'il s'agisse, est-ce que, si
别问	bié wèn	Ne demandez pas, Ne me demande pas, Ne pose pas de questions
苹果	píng guǒ	pomme, Pomme, pommes
项目	xiàng mù	projet, programme, initiative
故事	gù shì	conte, récit, histoire
而且	ér qiě	Et, et en plus, et aussi
嫉妒	jí dù	jalousie, Jaloux, envie
待	dài	Attends, attendre, en attente
得到	dé dào	Obtenez, obtenir, acquérir
飞	fēi	Voler, voler, s'envoler
写	xiě	écrire, Écrire, rédiger
擅长	shàn cháng	Bon à, être doué pour, être spécialisé dans
明白	míng bái	comprendre, saisir, voir clair
不可	bù kě	ne pas pouvoir, Non, impossible
担心	dān xīn	Inquiétude, s'inquiéter, être préoccupé
根本	gēn běn	Fondamentalement, fondamental, essentiel
危险	wēi xiǎn	Danger, danger, risque
以	yǐ	À, avec, par
以前	yǐ qián	avant, Avant, auparavant
游戏	yóu xì	Jeu, jeu, jeux
之前	zhī qián	avant, Avant, précédemment
多少	duō shǎo	Combien, combien, 多少
由	yóu	Dépend de, par, de
改变	gǎi biàn	Changer, changer, modifier
视频	shì pín	vidéo, enregistrement vidéo, clip vidéo
可	kě	pouvoir, Peut, peut
男孩	nán hái	garçon, jeune homme
之后	zhī hòu	après, Après, plus tard
体验	tǐ yàn	expérience, Expérience, expérimenter
容易	róng yì	facile, Facile, simple
相同	xiāng tóng	même, le même, identique
抱歉	bào qiàn	Désolé, désolé, pardon
错	cuò	Mauvais, faux, erroné
过来	guò lái	viens, venez, viennent
意义	yì yì	Signification, signification, sens
零	líng	zéro
周二	zhōu èr	mardi, Mardi
来说	lái shuō	Parlant, pour parler, en parler
见	jiàn	voir, Voir, rencontrer
手术	shǒu shù	chirurgie, opération
会议	huì yì	réunion, conférence
小时	xiǎo shí	heure, 小时
操作	cāo zuò	fonctionner, opération, manipulation
带	dài	Ceinture, porter, emmener
她们	tā men	Ils, elles, ils
每	měi	Tous, chaque, tous les
调查	diào chá	enquête, Sondage, sondage
对话	duì huà	dialogue, conversation
顺利	shùn lì	doucement, sans problème, en douceur
行动	xíng dòng	Action, action, mouvement
半	bàn	moitié, La moitié, demi
施工	shī gōng	construction, building, execution of works
小白兔问	xiǎo bái tù wèn	Petit lapin blanc demande, Demanda le petit lapin blanc
测试	cè shì	tester, test, essai
讨论	tǎo lùn	discuter, Discuter, débattre
后	hòu	après, Après, derrière
先生	xiān shēng	Monsieur, Professeur, Maître
本	běn	racine, cette, livre
保证	bǎo zhèng	Garantie, garantir, assurer
前	qián	Avant, avant, devant
做到	zuò dào	Fais le, accomplir, réaliser
为荣	wèi róng	Fier, pour la gloire, pour l'honneur
不同	bù tóng	différent, Différent, divers
有	yǒu	Avoir, avoir, posséder
话	huà	Les mots, parole, conversation
今天	jīn tiān	Aujourd'hui, aujourd'hui, 今天
地	dì	terre, Au sol, sol
许多	xǔ duō	beaucoup, Beaucoup, nombreux
对不起	duì bù qǐ	Désolé, Pardon, Je suis désolé
完成	wán chéng	Finir, accomplir, terminer
决定	jué dìng	décision, Décider, décider
方法	fāng fǎ	méthode, La méthode, approche
安全	ān quán	sécurité, sûreté, protection
害怕	hài pà	Craindre, avoir peur, craindre
颜色	yán sè	Couleur, couleur
这种	zhè zhǒng	Ce, ce genre de, ce type de
提供	tí gōng	fournir, offrir, proposer
学长	xué zhǎng	Sénior, 学长, Supérieur
史密斯	shǐ mì sī	Forgeron, Smith, forgeron
格雷	gé léi	Gris, Grey
出去	chū qù	Sortez, sortir, partir
听到	tīng dào	Écoutez, entendre, écouter
英格兰	yīng gé lán	Angleterre
发现	fā xiàn	Découvrez, découvrir, trouver
方式	fāng shì	Façon, mode, méthode
联系	lián xì	contact, Contact, connexion
毕业	bì yè	diplômé, l'obtention du diplôme, obtenir son diplôme
多久	duō jiǔ	combien de temps, Combien de temps
兄弟	xiōng dì	Frère, frère, frères
怎么样	zěn me yàng	Comment, Comment ça va?, Est-ce que ça va?
死	sǐ	mourir, Mourir, mort
第一	dì yī	premier, D'abord, le premier
不用	bù yòng	Pas besoin de, pas besoin, inutile
汉城	hàn chéng	Séoul
首尔	shǒu ěr	Séoul, 首尔, 汉城
回家	huí jiā	Reviens à la maison, rentrer à la maison, retourner à la maison
格林纳达	gé lín nà dá	Grenade
过去	guò qù	passé, Passé, précédent
玛丽莲·梦露	mǎ lì lián · mèng lù	Marilyn Monroe
天	tiān	ciel, Jour, jour
先	xiān	D'abord, 先, premier
四	sì	quatre, Quatre
月	yuè	mois, lune, claire de lune
十二	shí èr	Douze, 12, douze
有点	yǒu diǎn	Un peu, un peu, un peu de
分钟	fēn zhōng	minute, Procès-verbaux, min
去世	qù shì	mourir, Décédé, décéder
完了	wán le	Plus de, terminé, fini
十七	shí qī	Dix-sept, dix-sept
早餐	zǎo cān	Petit déjeuner, petit-déjeuner, déjeuner matinal
想念	xiǎng niàn	Mademoiselle, s'ennuyer de, manquer
一切	yī qiè	tout, Tout, tous
没事	méi shì	D'accord, rien de spécial, ça va
比	bǐ	comparer, Ratio, plus que
六	liù	six, Six
拿	ná	prendre, Prenez, tenir
家	jiā	Accueil, maison, famille
哪	nǎ	où, quels, quelle
黎巴嫩	lí bā nèn	Liban, 黎巴嫩
最后	zuì hòu	Enfin, finalement, en fin de compte
三十	sān shí	30, trente, Trente
岁	suì	Ans, an, âge
三十二	sān shí èr	Trente deux, 32, trente-deux
其他	qí tā	autre, autres
所	suǒ	lieu, Tous, endroit
展示	zhǎn shì	Afficher, exposition, présentation
六十	liù shí	soixante, 60, Soixante
四十	sì shí	quarante, Quarante
技术	jì shù	La technologie, 技术, 技能
离开	lí kāi	partir, Quitter, quitter
当然	dāng rán	Bien sûr, bien sûr, naturellement
欧洲	ōu zhōu	Europe, L'Europe 
或	huò	ou, Ou, soit
放心	fàng xīn	Soyez rassuré, se rassurer, être rassuré
加拿大小	jiā ná dà xiǎo	Canada, Le Canada est petit
发展	fā zhǎn	développer, développement
喝	hē	boire, À boire, prendre
公司	gōng sī	Compagnie, entreprise, société
尝试	cháng shì	essayer, Essayez, tenter
另	lìng	autre, Un autre, différent
选择	xuǎn zé	Choisissez, choix, sélection
才	cái	Seulement, seulement, ne...que
这就	zhè jiù	Ce, ceci est, voici
解释	jiě shì	Explique, expliquer, interpréter
部分	bù fèn	partie, section, partiel
准备	zhǔn bèi	Préparez, préparer, préparation
失去	shī qù	perdre, manquer
不过	bù guò	Mais, mais, cependant
帮助	bāng zhù	Aide, aider, assister
最好	zuì hǎo	meilleur, le meilleur, de préférence
世界	shì jiè	monde, Le monde, univers
享受	xiǎng shòu	jouir, prendre plaisir, profiter
生命	shēng mìng	vie, La vie, existence
正确	zhèng què	corriger, correct, exact
成功	chéng gōng	réussir, Succès, succès
帮	bāng	Aide, aider, assister
刚刚	gāng gāng	Tout à l'heure, juste maintenant, tout à l'heure
生产	shēng chǎn	produire, production, manufacturing
大	dà	grand, Big, gros
你们	nǐ men	Vous les gars, vous, 你们
找到	zhǎo dào	Trouvé, trouver, découvrir
找	zhǎo	À la recherche de, chercher, trouver
人们	rén men	gens, personnes
种	zhǒng	Espèces, type, kind
学习	xué xí	Apprendre, étudier, apprendre
这不	zhè bù	Ce n'est pas, ce n'est pas, c'est pas
阿尔及利亚	ā ěr jí lì yà	Algérie
大洋洲	dà yáng zhōu	Océanie
国家	guó jiā	pays, Pays, état
经济	jīng jì	économie, économique
很快	hěn kuài	rapidement, très vite, très rapidement
乌干达	wū gàn dá	Ouganda, 乌干达
尼日尔	ní rì ěr	Niger
真	zhēn	Vrai, vrai, réel
那里	nà lǐ	là, Là, là-bas
这里	zhè lǐ	ici, là, ici-même
谁	shuí	qui, Qui
每个	měi gè	chaque, Chaque, tous les
俄罗斯	é luó sī	Russie
好的	hǎo de	D'accord
这些	zhè xiē	ceux-ci, Ces, ces
跟	gēn	suivre, Avec, avec
上	shàng	En haut, sur, ci-dessus
您	nín	vous, Vous, 您好
回答	huí dá	Réponse, répondre, réponse
哦	ó	oh, Oh, ah
这儿	zhè ér	ici, là, ici-même
想到	xiǎng dào	pense, penser à, avoir une idée de
达尔文	dá ěr wén	Darwin
别的	bié de	autre, Autre, autres
问	wèn	demander, Demander, interroger
点	diǎn	Point, 点, 分
钱	qián	argent, monnaie, sous
她	tā	elle, Elle
飞机	fēi jī	avion, aéronef, appareil volant
日语	rì yǔ	Japonais, le japonais, langue japonaise
只有	zhǐ yǒu	seulement, Seulement, ne...que
八九十	bā jiǔ shí	89, Huit neuf dix
语言	yǔ yán	Langue, langue, langage
可能性	kě néng xìng	possibilité, Possibilité, probabilité
生活	shēng huó	vie, La vie, mode de vie
成为	chéng wéi	devenir, Devenir, 变成
下	xià	sous, Sous, en bas
嗯	ń	Hmm, Euh, Ah
几	jǐ	Peu, quelques, combien
好不	hǎo bù	bien, 非常好, 很好
有空	yǒu kòng	avoir du temps libre, Libre, être disponible
太郎	tài láng	Taro, Tarō, Tairo
新	xīn	Nouveau, nouveau, neuf
张机票	zhāng jī piào	réserver un billet d'avion, acheter un billet d'avion, Billets
买	mǎi	acheter, Acheter, 购买
正在	zhèng zài	Être, en train de, 正在
臺湾	tái wān	Taïwan, 台湾, Taiwan
一定	yí dìng	Certainement, certainement, assurément
快	kuài	rapide, Rapide, vite
孩子	hái zi	enfant, Enfant, gamin
任何	rèn hé	quelconque, Tout, n'importe quoi
如何	rú hé	Comment, comment, 怎么样
起来	qǐ lái	Lève toi, se lever, debout
五	wǔ	Cinq, 5, cinq
救援队	jiù yuán duì	équipe de secours, équipe de sauvetage, Équipe de sauvetage
想要	xiǎng yào	vouloir, Envie, désirer
再	zài	encore, Encore, de nouveau
梵蒂冈	fàn dì gāng	Vatican
然后	rán hòu	Alors, ensuite, puis
当	dāng	Quand, lorsque, quand
出来	chū lái	Sortez, sortir, apparaître
地方	dì fāng	lieu, Lieu, endroit
发生	fā shēng	Happ, se produire, avoir lieu
北极	běi jí	Pôle Nord, Arctique, pôle nord
北极熊	běi jí xióng	ours polaire, ours blanc
妈妈	mā mā	Mère, maman, mère
重要	zhòng yào	Important, important, essentiel
十	shí	Dix, dix
该	gāi	Le, ce, cette
小雨	xiǎo yǔ	petite pluie, fine pluie, bruine
卡塔尔	kǎ tǎ ěr	Qatar, 卡塔尔
嘛	ma	Et bien, quoi, mais
的话	de huà	si, 如果, 要是
房间	fáng jiān	chambre, pièce
女朋友	nǚ péng yǒu	petite amie, copine
早上	zǎo shàng	Matin, matin, matinée
吃饭	chī fàn	Manger, manger, prendre un repas
看见	kàn jiàn	voir, apercevoir, regarder
不好意思	bù hǎo yì sī	Désolé, Pardon, Veuillez m’excuser
明天	míng tiān	Demain, demain
送	sòng	donner, Envoyer, envoyer
你好	nǐ hǎo	Bonjour, Salut
朋友	péng yǒu	ami, copain, camarade
感觉	gǎn jué	Ressentez, sensation, perception
请	qǐng	S'il vous plait, s'il vous plaît, s'il te plaît
别	bié	autre, Ne le fais pas, ne pas
叫	jiào	appeler, Appel, crier
啦	la	La, la, là
屠夫	tú fū	boucher, Boucher
伊拉克	yī lā kè	Irak
歌手	gē shǒu	chanteur, Chanteur, chanteuse
翻译	fān yì	Traduction, traducteur, interprète
年	nián	année, Année, an
听	tīng	écouter, Écoutez, entendre
回来	huí lái	Reviens, revenir, retourner
使用	shǐ yòng	utilisation, utiliser, emploi
所有	suǒ yǒu	tout, Tous, tous
看看	kàn kàn	Jetez un oeil, jeter un coup d'œil, 看一看
必须	bì xū	Doit, doit, obligatoire
乔治	qiáo zhì	George
乱讲	luàn jiǎng	Absurdité, parler n'importe comment, dire n'importe quoi
澳门	ào mén	Macao, Macau
老闆	lǎo bǎn	patron, chef, propriétaire
与	yǔ	et, avec, ainsi que
分开	fēn kāi	séparé, séparer, diviser
大西洋	dà xī yáng	Atlantique, Océan Atlantique
笑	xiào	rire, sourire
曲奇	qū qí	biscuit, cookie
学校	xué xiào	école, École, établissement scolaire
里	lǐ	À l'intérieur, dans, à l'intérieur
摩洛哥	mó luò gē	Maroc
二十	èr shí	vingt, 20, Vingt
一起	yì qǐ	ensemble, Ensemble, ensemble avec
事情	shì qíng	chose, Choses, affaire
加拿大人	jiā ná dà rén	Canadien, canadien, Canadienne
冰箱	bīng xiāng	réfrigérateur, frigo, glacière
夹克	jiá kè	veste, blouson
时间	shí jiān	Le temps, temps, heure
监狱	jiān yù	prison, pénitencier, geôle
个人	gè rén	personnel, individuel, privé
一百	yì bǎi	Cent, 100, cent
桌子	zhuō zi	table, desk
办公室	bàn gōng shì	bureau, Bureau, office
还是	hái shì	Toujours, ou bien, ou
阿里巴巴	ā lǐ bā bā	Alibaba
合作	hé zuò	Coopération, coopération, collaboration
无关	wú guān	N'ont rien à voir avec, sans rapport, non pertinent
雅尼	yǎ ní	Yanni, Yahni
巴塞罗那	bā sāi luó nà	Barcelone
瓦伦西亚	wǎ lún xī yà	Valence, Valencia
一些	yī xiē	Certains, quelques, certains
还有	hái yǒu	Et, encore, de plus
只是	zhǐ shì	Juste, seulement, simplement
一下	yī xià	une fois, Un moment, un peu
只	zhǐ	seulement, Seulement, ne...que
一点	yì diǎn	Un peu, un peu, un petit peu
通融	tōng róng	Hébergement, 通融, Logement
退后	tuì hòu	Reculez, 退后, 后退
一样	yī yàng	Même, même, identique
乌克兰语	wū kè lán yǔ	Ukraine, langue ukrainienne, ukrainien
俄罗斯语	é luó sī yǔ	russe, Russe
大家	dà jiā	tout le monde, Tout le monde, chacun
告诉	gào sù	Dites, dire, informer
东西	dōng xī	Trucs, chose, objet
认为	rèn wéi	penser, pense, considérer
打	dǎ	Hit, frapper, jouer
被	bèi	Être, être
时候	shí hòu	Le temps, fois, moment
西文多	xī wén duō	Langue occidentale, 西方文化, 西方文明
谢谢	xiè xiè	Je vous remercie, merci, remerciements
西语	xī yǔ	français, Espagnol
不要	bú yào	Je ne veux pas, ne pas vouloir, ne pas désirer
又	yòu	encore, Encore une fois, de nouveau
米兰	mǐ lán	Milan
像	xiàng	Comme, comme, semblable à
车里	chē lǐ	Dans la voiture, 车里, 车内
小	xiǎo	petit, Petit, petite
爹是	diē shì	papa est, père est, Papa est
这边	zhè biān	Ici, ici, par ici
可乐	kě lè	du Coca, Coca-Cola
非常	fēi cháng	Très, très, extrêmement
并	bìng	Et, et, ainsi que
大阪	dà bǎn	Osaka, 大阪
京都	jīng dū	Kyoto
波兰	bō lán	Pologne
看起来	kàn qǐ lái	Regards, avoir l'air, sembler
而	ér	Alors que, et, alors que
次	cì	fois, Fois, 次序
应该	yīng gāi	Devrait, devrait, doit
凤凰城	fèng huáng chéng	Ville de Phoenix, Phoenix, Phénix
很多	hěn duō	beaucoup, très nombreux, énormément
这么	zhè me	Alors, tellement, si
等	děng	attendre, Attendre, égal
走	zǒu	marcher, Marche, aller
西班牙	xī bān yá	Espagne
用	yòng	utiliser, utilisation, 用途
澄清	chéng qīng	clarifier, élucider, éclaircir
那个	nà gè	Celui-là, cela, ça
觉得	jué de	Ressentez, penser, trouver
熊	xióng	ours, Ours, nounours
还	hái	encore, Toujours, toujours
已经	yǐ jīng	déjà, Déjà, maintenant
问题	wèn tí	Problème, problème, question
最	zuì	le plus, La plupart, le meilleur
看到	kàn dào	voir, Voir, apercevoir
沙拉	shā là	salade, Salade
工作	gōng zuò	Travail, travailler, emploi
时	shí	Heure, temps, heure
需要	xū yào	besoin, Besoin, nécessité
葛蕾丝	gé lěi sī	Grace, Grâce
这样	zhè yàng	De cette façon, comme ça, 这样子
新年	xīn nián	nouvel An, Nouvel An, Nouvelle année
澳大利亚	ào dà lì yà	Australie
就是	jiù shì	Juste, c'est, c'est bien
为	wèi	pour, Pour, afin de
吃	chī	manger, mange, manges
柳橙	liǔ chéng	Des oranges, mandarine, clémentine
匈牙利	xiōng yá lì	Hongrie
葡萄牙语	pú táo yá yǔ	le portugais, la langue portugaise, Portugais
事	shì	affaire, Les choses, chose
所有人	suǒ yǒu rén	Propriétaire, tout le monde, chaque personne
懂	dǒng	comprendre, Comprendre, savoir
但是	dàn shì	Mais, mais, cependant
将	jiāng	Volonté, va, 将要
柬埔寨	jiǎn pǔ zhài	Cambodge
真的	zhēn de	Vraiment, vraiment, réellement
那么	nà me	ainsi, Alors, alors
结婚	jié hūn	Se marier, se marier, mariage
睡	shuì	dormir, Le sommeil, sommeil
电视	diàn shì	la télé, télévision, TV
魁北克	kuí běi kè	Québec
英国	yīng guó	Royaume-Uni, Angleterre
杭州	háng zhōu	Hangzhou
东京	dōng jīng	Tokyo
认真	rèn zhēn	sérieux, consciencieux, attentif
爱	ài	amour, L'amour, aimer
开始	kāi shǐ	Commencer, commencer, démarrer
着	zhe	Avec, sur, en train de
可能	kě néng	Mai, peut-être, probablement
从	cóng	À partir de, depuis, à partir de
纽约	niǔ yuē	New York, NY
知道	zhī dào	Savoir, savoir, connaître
到	dào	arriver, À, jusqu'à
更	gèng	plus, En savoir plus, encore
但	dàn	mais, Mais, cependant
自己	zì jǐ	Moi, soi-même, se
怎么	zěn me	Comment, comment, pourquoi
因为	yīn wèi	Parce que, parce que, 因为
所以	suǒ yǐ	Alors, donc, par conséquent
把	bǎ	Mettez, prendre, tenir
布尔诺多远	bù ěr nuò duō yuǎn	Combien de temps pour Brno, À quelle distance se trouve Brno ?
多	duō	beaucoup, Plus, plusieurs
过	guò	Sur, passé, avoir passé
里约热内卢	lǐ yuē rè nèi lú	Rio de Janeiro
迈克日语	mài kè rì yǔ	Mike Japanese, Mike Japonais
加拿大	jiā ná dà	Canada
夏威夷	xià wēi yí	Hawaii, Hawaï
医院	yī yuàn	hôpital
拥有	yōng yǒu	posséder, Propre, avoir
中	zhōng	milieu, Dans, centre
披萨	pī sà	pizza, Pizza
美洲	měi zhōu	Amérique, Amérique du Nord, Amérique du Sud
英文	yīng wén	Anglais, anglais, langue anglaise
哪里	nǎ lǐ	où, O Where, comment
为什么	wèi shén me	Pourquoi, pourquoi, 为什么
得	dé	Obtenu, obtenir, acquérir
曹操	cáo cāo	Cao Cao
累	lèi	fatigué, Fatigué, lassé
女儿	nǚ ér	fille, fille unique, Fille
漂亮	piào liàng	jolie, beau, joli
土豆沙拉	tǔ dòu shā lā	salade de pommes de terre, 土豆沙拉, Salade de pommes de terre
智利	zhì lì	Chili
中国	zhōng guó	Chine, République populaire de Chine
上海	shàng hǎi	Shanghai
它们	tā men	Ils, Elles, ils
意大利语	yì dà lì yǔ	italien, langue italienne, Italien
放弃	fàng qì	abandonner, renoncer
同性恋	tóng xìng liàn	homosexuel, Gay, gay
关心	guān xīn	Soin, s'inquiéter de, être préoccupé par
小马	xiǎo mǎ	poney, 小马, 小馬
旧金山	jiù jīn shān	San Francisco, SF
老公	lǎo gōng	mari, époux, Mari
啊	a	Ah, ah, oh
就	jiù	Juste, alors, donc
大学	dà xué	université, l'Université, faculté
这是	zhè shì	c'est, C'est, Voici
要	yào	vouloir, À, devoir
太	tài	Trop, trop, très
北京	běi jīng	Pékin, Beijing
瑞典	ruì diǎn	Suède, la Suède
瑞士	ruì shì	Suisse, la Suisse
非洲	fēi zhōu	Afrique
格陵兰	gé líng lán	Groenland
大洲	dà zhōu	Continent, 大陆, 洲际
香港	xiāng gǎng	Hong Kong
拉丁语	lā dīng yǔ	Latin, latin
麦克风递	mài kè fēng dì	microphone, Livraison du microphone
两	liǎng	Deux, 2, deux
这个	zhè gè	Ce, ce, cette
何塞	hé sāi	Heese, José, Jose
罗马	luó mǎ	Rome
马德里	mǎ dé lǐ	Madrid
澳洲	ào zhōu	Australie
沙滩	shā tān	plage de sable, plage, sable
呢	ne	Quoi, ne, n'est-ce pas
如果	rú guǒ	Si, si, 假如
戴头盔	dài tóu kuī	porter un casque, mettre un casque, Portez un casque
给	gěi	Donner, donner, octroyer
罗曼语	luó màn yǔ	roman, Langue romane
巴斯克语	bā sī kè yǔ	basque, Basque
希伯来语	xī bó lái yǔ	hébreu, hébraïque, Hébreu
日本	rì běn	Japon
它	tā	il, Il, elle
俄语	é yǔ	russe, Russe
不是	bú shì	ne pas, non, pas
安娜	ān nà	Anna
对	duì	Oui, à, pour
瑞典语	ruì diǎn yǔ	suédois, Suédois
阿拉伯语	ā lā bó yǔ	arabe, Arabe
可以	kě yǐ	Peut, peut, pouvoir
那	nà	cela, Ça, ça
一	yī	Un, 1, un
个	gè	Un, un, une
三	sān	Trois, trois
喜欢	xǐ huān	Comme, aimer, apprécier
是的	shì de	Oui, Exact, C'est ça
让	ràng	laisser, Soit, permettre
吧	ba	Droit, 好吧, 吧唧
波士顿	bō shì dùn	Boston, 波士顿
东京站	dōng jīng zhàn	Gare de Tokyo, 东京站
中文	zhōng wén	chinois, langue chinoise, Chinois
西欧	xī ōu	Europe de l'Ouest, Europe occidentale
法国	fǎ guó	France
德语	dé yǔ	Allemand, allemand, langue allemande
看	kàn	voir, Regarde, regarder
在	zài	à, Dans, dans
都	dōu	tout, Tous, tous
没有	méi yǒu	Non, ne pas avoir, pas de
也	yě	aussi, Aussi, également
义大利	yì dà lì	Italie, Italien
巴黎	bā lí	Paris
耶稣	yē sū	Jésus, Jésus-Christ
周一	zhōu yī	En Lundi, lundi, Lundi
西班牙语	xī bān yá yǔ	Espanol, espagnol, langue espagnole
德国	dé guó	Allemagne
能	néng	Peut, pouvoir, savoir
美国	měi guó	États-Unis, États Unis, Amérique
做	zuò	faire, Faire, fabriquer
很	hěn	très, Très, beaucoup
汉语	hàn yǔ	Chinois, chinois, langue chinoise
伦敦	lún dūn	Londres
来	lái	venir, Viens, arriver
想	xiǎng	penser, Pense, avoir envie
什么	shén me	Quoi, quoi, quel
好	hǎo	Bon, bien, bon
法语	fǎ yǔ	français, Français
英语	yīng yǔ	Anglais, anglais
去	qù	aller, Aller, partir
现在	xiàn zài	Maintenant, maintenant, à présent
一个	yí gè	Une, un, une
会	huì	Volonté, pourra, peut
说	shuō	dire, Dis, parler
我们	wǒ men	Nous, nous, on
没	méi	non, Non, ne pas avoir
人	rén	personne, Les gens, être humain
他们	tā men	Ils, ils, 他们
吗	ma	Quoi, est-ce que, ?
和	hé	et, Et, et puis
这	zhè	Cette, ce, cette
他	tā	il, Il, lui
不	bù	Non, ne, pas
是	shì	être, Oui, oui
了	le	Up, 了, Finir
你	nǐ	vous, Vous, tu
我	wǒ	Moi, je, moi
